runtime_path,entrypoint_or_launcher,operation_key,budget_owner,outer_budget_required,permit_authority,source_fence,wire_primitive,physical_identity,can_raise_capacity,classification,notes
app/Services/MeliApiClient.php,Shared Mercado Libre API gateway,profile resolved from method/path/source,automatic|manual|technical context,yes for budgeted queue/manual contexts; technical oauth/readiness/canary remain fenced,"ApiRhythmPolicyService reserve/dispatched/finalizeKnownResult; ApiBudgetService only for legacy non-primary contexts","ApiGuardService; WriteGuard; QueueCoreOwnershipGuard; MeliTransportSourcePolicy","delegates to MeliHttpTransportInterface","server-owned 40 hex transport_request_id generated inside each physical attempt",no,BUDGETED_MELI_API_GATEWAY,"No handler should bypass this client for outbound Mercado Libre HTTP."
app/Services/CurlMeliHttpTransport.php,Final outbound cURL boundary for Mercado Libre,transport metadata operation key,inherited from active execution context,yes,"QueueV4CleanCycleBudget reserve/enteringTransport/releaseBeforeTransport plus rhythm permit state","MeliEmergencyStopService; MeliTransportSourcePolicy; QueueCoreDispatchFence; QueueV4CleanDispatchFence; QueueV4CleanOAuthDispatchFence; QueueV4CleanTransportContext","curl_init + curl_exec","X-Request-Id equals transport_request_id for the exact attempt",no,ONLY_MELI_WIRE_BOUNDARY,"This is the only runtime Mercado Libre wire primitive found by static scan."
jobs/queue_v4_clean.php,Cron CLI launcher,queue_v4_clean,automatic,yes,AutomationCallBudgetService resolves saved physical-call budget,"CLI arguments --max-calls only reduce; --max-jobs rejected","no direct HTTP primitive",none,no,CLI_LAUNCHER_NO_DIRECT_WIRE,"Hostinger command remains compatible without max-jobs as capacity."
app/QueueV4Clean/QueueV4CleanWorker.php,Queue V4 automated/manual worker stages,queue_v4_clean/domain exact/sales audit/sales repair,automatic|manual inherited,yes,inherited budget context opened by launcher,"QueueV4 repository claims; transport source policy; dispatch/read fences","no direct HTTP primitive",inherited,no,HANDLER_LAYER_NO_DIRECT_WIRE,"Work units remain progress records; they do not grant HTTP calls."
app/QueueCore/ManualQueueLauncher.php,Manual exact launcher,queue_core/manual exact,manual,yes,manual physical-call budget and durable preview admission,"manual preview token; ACL; exclusion with cron; QueueCore fences","no direct HTTP primitive",inherited,no,MANUAL_LAUNCHER_NO_DIRECT_WIRE,"Manual request must process only confirmed preview rows."
app/QueueCore/QueueRunner.php,Queue Core execution runner,queue_core,automatic|manual inherited,yes,inherited from launcher and QueueCoreDispatchFence,"tenant ownership guard; QueueCoreDispatchFence physical marker","no direct HTTP primitive",inherited,no,CORE_HANDLER_NO_DIRECT_WIRE,"Known result failures are handled conservatively by MeliApiClient."
app/Services/UpdateRemoteService.php,System update catalog/download/report,update.remote_url,none for Mercado Libre,no for Mercado Libre capacity,update server HTTPS host allow-list,UpdateRemoteService::assertAllowedUrl,"curl_init + curl_exec","not a Mercado Libre request id",no,NON_MELI_UPDATE_REMOTE,"This cURL path is the ERP updater, not Mercado Libre processing capacity."
app/Services/OAuthService.php,OAuth browser authorization URL builder,authorization_url,none,no,not applicable,not applicable,no server HTTP primitive,none,no,BROWSER_REDIRECT_URL_NO_SERVER_WIRE,"Builds auth.mercadolibre.com.co URL for browser redirect only."
app/Views/orders/show.php,Operator browser link to Mercado Libre sale,external_link,none,no,not applicable,not applicable,no server HTTP primitive,none,no,BROWSER_LINK_NO_SERVER_WIRE,"Rendered link; not an ERP server-to-ML call."
app/Views/sales/show.php,Operator browser link to Mercado Libre sale,external_link,none,no,not applicable,not applicable,no server HTTP primitive,none,no,BROWSER_LINK_NO_SERVER_WIRE,"Rendered link; not an ERP server-to-ML call."
public/webhook_mercadolibre.php,Inbound Mercado Libre webhook receiver,inbound_webhook,none,no,not applicable,webhook signature/receiver controls,php://input read only,none,no,INBOUND_ONLY_NO_WIRE,"Inbound notification handling; not outbound capacity."
