setting_key,section,k1c_decision,visible_label_after,notes
sync.manual_process_enabled,general,HUMANIZED,Permitir procesamiento manual,"Help now says pending items instead of queues"
sync.allow_custom_schedule,general,ADVANCED,Permitir fecha y hora personalizada,"Manual scheduling windows are advanced, not primary capacity"
sync.page_limit,synchronization,HUMANIZED,Órdenes por consulta,"Explains API-call load"
sync.chunk_mode,synchronization,ADVANCED,División mensual,"Historical segmentation kept outside primary operator authority"
sync.queue_max_chunks_per_run,synchronization,ADVANCED,Ventanas tomadas por cron,"Legacy technical limit; primary capacity remains API calls"
sync.default_enqueue_delay_minutes,synchronization,HUMANIZED,Inicio sugerido,"Creates pending work, not an alternate queue"
sync.overdue_reschedule_default_minutes,synchronization,HUMANIZED,Reprogramación predeterminada,"Recover pending items, not blocks as operator authority"
sync.continuation_delay_minutes,synchronization,ADVANCED,Espera entre continuaciones,"Advanced continuation window"
api.cron.priority_budget_enabled,mercadolibre,HUMANIZED,Priorizar automatización segura,"No job wording in primary label"
api.budget.global_requests_per_15m,mercadolibre,CALL_CAPACITY,Capacidad general,"Unit is llamadas API / 15 min"
api.budget.account_requests_per_15m,mercadolibre,CALL_CAPACITY,Capacidad por cuenta,"Unit is llamadas API / 15 min"
api.budget.web_request_api_limit,mercadolibre,CALL_CAPACITY,Máximo desde una pantalla,"Unit is llamadas API"
notifications.webhook_first_enabled,communications,HUMANIZED,Incorporar cambios desde eventos,"Creates one pending item per notified resource"
notifications.worker_batch_limit,communications,ADVANCED,Recursos por ciclo,"Technical worker batch key remains for compatibility"
financial_recalc.enabled,financial,HUMANIZED,Procesamiento financiero activo,"Primary label/help no longer expose queue authority"
financial_recalc.orders_per_run,financial,HUMANIZED,Órdenes por ciclo,"Short recoverable cycle"
financial_recalc.max_orders_per_job,financial,ADVANCED,Máximo por recálculo,"Technical job key hidden as advanced"
financial_recalc.billing_order_ids_per_request,financial,CALL_CAPACITY,Órdenes por consulta de billing,"Confirmed call payload size"
catalog.description_job_batch_limit,catalogs,ADVANCED,Descripciones por ciclo,"Technical key retained, operator wording changed"
catalog.description_job_pause_seconds,catalogs,ADVANCED,Pausa entre ciclos,"No batch/lote as primary copy"
