route,method,controller_action,primary_surface,k1c_classification,operator_copy_policy
/settings,GET,SettingsController::index,settings-home,OPERATOR_PRIMARY,"Human landing: Automation, API capacity, Manual, ML health, System"
/settings/cron,GET,SettingsController::cron,automation-center,OPERATOR_PRIMARY,"Call-centric status; capacity is physical API calls"
/settings/cron/queue-v4.json,GET,SettingsController::queueV4CleanStatus,automation-center-json,OPERATOR_SUPPORT,"Machine status for center; no operator-facing batch authority"
/settings/cron/api-risks.json,GET,SettingsController::cronApiRisks,automation-center-json,OPERATOR_SUPPORT,"Human API health summary"
/settings/cron/next,GET,SettingsController::automationNext,next-run-preview,OPERATOR_PRIMARY,"Preview only; no claims or mutations"
/settings/cron/queue,GET,SettingsController::automationQueue,pending-work-list,OPERATOR_PRIMARY,"Durable FIFO visibility; work/job wording allowed as entity detail, not capacity"
/settings/cron/history,GET,SettingsController::automationHistory,evidence-history,OPERATOR_SUPPORT,"Historical evidence"
/settings/cron/diagnostics,GET,SettingsController::automationDiagnostics,technical-diagnostics,ADVANCED_TECHNICAL,"Technical queue/source wording allowed"
/settings/cron/attention,GET,SettingsController::automationAttention,attention-groups,OPERATOR_PRIMARY,"Grouped actionable pending items"
/settings/api-workload,GET,SettingsController::apiWorkload,api-capacity,OPERATOR_PRIMARY,"Physical HTTP/API call capacity"
/settings/manual-processing,GET,SettingsController::manualProcessing,process-now,OPERATOR_PRIMARY,"One authenticated step while tab remains open"
/settings/manual-processing/preview,POST,SettingsController::manualProcessingPreview,process-now-preview,OPERATOR_PRIMARY,"Read/preview before exact one-step processing"
/settings/manual-processing/start,POST,SettingsController::manualProcessingStart,process-now-action,OPERATOR_ACTION,"Idempotent one-step; no background continuation"
/settings/api-health,GET,SettingsController::apiHealth,ml-health,OPERATOR_PRIMARY,"Human provenance: verified data and update time"
/settings/api-health/incidents,GET,SettingsController::apiHealthIncidents,remote429-and-incidents,OPERATOR_PRIMARY,"429 pages go from status cards directly to filters/incidents"
/settings/api-health/technical,GET,SettingsController::apiHealthTechnical,api-technical,ADVANCED_TECHNICAL,"Internal table/source wording allowed"
/notifications,GET,NotificationController::index,notifications-center,OPERATOR_PRIMARY,"Webhook-first status with pending resources"
/notifications/automation,GET,NotificationController::automation,notifications-automation,OPERATOR_PRIMARY,"Single launcher configuration and current pending state"
/notifications/technical/events,GET,NotificationController::technicalEvents,notification-technical,ADVANCED_TECHNICAL,"Technical event wording allowed"
